,GrandPrix,DATE,Winner,Car,Laps,Timing
0,Great Britain,13 May 1950,Nino Farina,Alfa Romeo,70,2:13:23.600
1,Monaco,21 May 1950,Juan Manuel Fangio,Alfa Romeo,100,3:13:18.700
2,Indianapolis 500,30 May 1950,Johnnie  Parsons,Kurtis Kraft Offenhauser,138,2:46:55.970
3,Switzerland,04 Jun 1950,Nino Farina,Alfa Romeo,42,2:02:53.700
4,Belgium,18 Jun 1950,Juan Manuel Fangio,Alfa Romeo,35,2:47:26.000
5,France,02 Jul 1950,Juan Manuel Fangio,Alfa Romeo,64,2:57:52.800
6,Italy,03 Sep 1950,Nino Farina,Alfa Romeo,80,2:51:17.400
7,Switzerland,27 May 1951,Juan Manuel Fangio,Alfa Romeo,42,2:07:53.640
8,Indianapolis 500,30 May 1951,Lee Wallard,Kurtis Kraft Offenhauser,200,3:57:38.050
9,Belgium,17 Jun 1951,Nino Farina,Alfa Romeo,36,2:45:46.200
10,France,01 Jul 1951,Juan Manuel Fangio,Alfa Romeo,77,3:22:11.000
11,France,01 Jul 1951,Luigi Fagioli,Alfa Romeo,null,
12,Great Britain,14 Jul 1951,Jose Froilan Gonzalez,Ferrari,90,2:42:18.200
13,Germany,29 Jul 1951,Alberto Ascari,Ferrari,20,3:23:03.300
14,Italy,16 Sep 1951,Alberto Ascari,Ferrari,80,2:42:39.300
15,Spain,28 Oct 1951,Juan Manuel Fangio,Alfa Romeo,70,2:46:54.100
16,Switzerland,18 May 1952,Piero  Taruffi,Ferrari,62,3:01:46.100
17,Indianapolis 500,30 May 1952,Troy Ruttman,Kuzma Offenhauser,200,3:52:41.880
18,Belgium,22 Jun 1952,Alberto Ascari,Ferrari,36,3:03:46.300
19,France,06 Jul 1952,Alberto Ascari,Ferrari,77,3:00:00.000
20,Great Britain,19 Jul 1952,Alberto Ascari,Ferrari,85,2:44:11.000
21,Germany,03 Aug 1952,Alberto Ascari,Ferrari,18,3:06:13.300
22,Netherlands,17 Aug 1952,Alberto Ascari,Ferrari,90,2:53:28.500
23,Italy,07 Sep 1952,Alberto Ascari,Ferrari,80,2:50:45.600
24,Argentina,18 Jan 1953,Alberto Ascari,Ferrari,97,3:01:04.600
25,Indianapolis 500,30 May 1953,Bill  Vukovich ,Kurtis Kraft Offenhauser,200,3:53:01.690
26,Netherlands,07 Jun 1953,Alberto Ascari,Ferrari,90,2:53:35.800
27,Belgium,21 Jun 1953,Alberto Ascari,Ferrari,36,2:48:30.300
28,France,05 Jul 1953,Mike Hawthorn,Ferrari,60,2:44:18.600
29,Great Britain,18 Jul 1953,Alberto Ascari,Ferrari,90,2:50:00.000
30,Germany,02 Aug 1953,Nino Farina,Ferrari,18,3:02:25.000
31,Switzerland,23 Aug 1953,Alberto Ascari,Ferrari,65,3:01:34.400
32,Italy,13 Sep 1953,Juan Manuel Fangio,Maserati,80,2:49:45.900
33,Argentina,17 Jan 1954,Juan Manuel Fangio,Maserati,87,3:00:55.800
34,Indianapolis 500,31 May 1954,Bill  Vukovich ,Kurtis Kraft Offenhauser,200,3:49:17.270
35,Belgium,20 Jun 1954,Juan Manuel Fangio,Maserati,36,2:44:42.400
36,France,04 Jul 1954,Juan Manuel Fangio,Mercedes-Benz,61,2:42:47.900
37,Great Britain,17 Jul 1954,Jose Froilan Gonzalez,Ferrari,90,2:56:14.000
38,Germany,01 Aug 1954,Juan Manuel Fangio,Mercedes-Benz,22,3:45:45.800
39,Switzerland,22 Aug 1954,Juan Manuel Fangio,Mercedes-Benz,66,3:00:34.500
40,Italy,05 Sep 1954,Juan Manuel Fangio,Mercedes-Benz,80,2:47:47.900
41,Spain,24 Oct 1954,Mike Hawthorn,Ferrari,80,3:13:52.100
42,Argentina,16 Jan 1955,Juan Manuel Fangio,Mercedes-Benz,96,3:00:38.600
43,Monaco,22 May 1955,Maurice  Trintignant,Ferrari,100,2:58:09.700
44,Indianapolis 500,30 May 1955,Bob Sweikert,Kurtis Kraft Offenhauser,200,3:53:59.530
45,Belgium,05 Jun 1955,Juan Manuel Fangio,Mercedes-Benz,36,2:39:29.000
46,Netherlands,19 Jun 1955,Juan Manuel Fangio,Mercedes-Benz,100,2:54:23.800
47,Great Britain,16 Jul 1955,Stirling Moss,Mercedes-Benz,90,3:07:21.200
48,Italy,11 Sep 1955,Juan Manuel Fangio,Mercedes-Benz,50,2:25:04.400
49,Argentina,22 Jan 1956,Luigi Musso,Ferrari,null,
50,Argentina,22 Jan 1956,Juan Manuel Fangio,Ferrari,98,3:00:03.700
51,Monaco,13 May 1956,Stirling Moss,Maserati,100,3:00:32.900
52,Indianapolis 500,30 May 1956,Pat Flaherty,Watson Offenhauser,200,3:53:28.840
53,Belgium,03 Jun 1956,Peter Collins,Ferrari,36,2:40:00.300
54,France,01 Jul 1956,Peter Collins,Ferrari,61,2:34:23.400
55,Great Britain,14 Jul 1956,Juan Manuel Fangio,Ferrari,101,2:59:47.000
56,Germany,05 Aug 1956,Juan Manuel Fangio,Ferrari,22,3:38:43.700
57,Italy,02 Sep 1956,Stirling Moss,Maserati,50,2:23:41.300
58,Argentina,13 Jan 1957,Juan Manuel Fangio,Maserati,100,3:00:55.900
59,Monaco,19 May 1957,Juan Manuel Fangio,Maserati,105,3:10:12.800
60,Indianapolis 500,30 May 1957,Sam Hanks,Epperly Offenhauser,200,3:41:14.250
61,France,07 Jul 1957,Juan Manuel Fangio,Maserati,77,3:07:46.400
62,Great Britain,20 Jul 1957,Stirling Moss,Vanwall,90,3:06:37.800
63,Great Britain,20 Jul 1957,Tony Brooks,Vanwall,null,
64,Germany,04 Aug 1957,Juan Manuel Fangio,Maserati,22,3:30:38.300
65,Pescara,18 Aug 1957,Stirling Moss,Vanwall,18,2:59:22.700
66,Italy,08 Sep 1957,Stirling Moss,Vanwall,87,2:35:03.900
67,Argentina,19 Jan 1958,Stirling Moss,Cooper Climax,80,2:19:33.700
68,Monaco,18 May 1958,Maurice  Trintignant,Cooper Climax,100,2:52:27.900
69,Netherlands,26 May 1958,Stirling Moss,Vanwall,75,2:04:49.200
70,Indianapolis 500,30 May 1958,Jimmy Bryan,Epperly Offenhauser,200,3:44:13.800
71,Belgium,15 Jun 1958,Tony Brooks,Vanwall,24,1:37:06.300
72,France,06 Jul 1958,Mike Hawthorn,Ferrari,50,2:03:21.300
73,Great Britain,19 Jul 1958,Peter Collins,Ferrari,75,2:09:04.200
74,Germany,03 Aug 1958,Tony Brooks,Vanwall,15,2:21:15.000
75,Portugal,24 Aug 1958,Stirling Moss,Vanwall,50,2:11:27.800
76,Italy,07 Sep 1958,Tony Brooks,Vanwall,70,2:03:47.800
77,Morocco,19 Oct 1958,Stirling Moss,Vanwall,53,2:09:15.100
78,Monaco,10 May 1959,Jack Brabham,Cooper Climax,100,2:55:51.300
79,Indianapolis 500,30 May 1959,Rodger Ward,Watson Offenhauser,200,3:40:49.200
80,Netherlands,31 May 1959,Jo Bonnier,BRM,75,2:05:26.800
81,France,05 Jul 1959,Tony Brooks,Ferrari,50,2:01:26.500
82,Great Britain,18 Jul 1959,Jack Brabham,Cooper Climax,75,2:30:11.600
83,Germany,02 Aug 1959,Tony Brooks,Ferrari,60,2:09:31.600
84,Portugal,23 Aug 1959,Stirling Moss,Cooper Climax,62,2:11:55.410
85,Italy,13 Sep 1959,Stirling Moss,Cooper Climax,72,2:04:05.400
86,United States,12 Dec 1959,Bruce McLaren,Cooper Climax,42,2:12:35.700
87,Argentina,07 Feb 1960,Bruce McLaren,Cooper Climax,80,2:17:49.500
88,Monaco,29 May 1960,Stirling Moss,Lotus Climax,100,2:53:45.500
89,Indianapolis 500,30 May 1960,Jim Rathmann,Watson Offenhauser,200,3:36:11.360
90,Netherlands,06 Jun 1960,Jack Brabham,Cooper Climax,75,2:01:47.200
91,Belgium,19 Jun 1960,Jack Brabham,Cooper Climax,36,2:21:37.300
92,France,03 Jul 1960,Jack Brabham,Cooper Climax,50,1:57:24.900
93,Great Britain,16 Jul 1960,Jack Brabham,Cooper Climax,77,2:04:24.600
94,Portugal,14 Aug 1960,Jack Brabham,Cooper Climax,55,2:19:00.030
95,Italy,04 Sep 1960,Phil Hill,Ferrari,50,2:21:09.200
96,United States,20 Nov 1960,Stirling Moss,Lotus Climax,75,2:28:52.200
97,Monaco,14 May 1961,Stirling Moss,Lotus Climax,100,2:45:50.100
98,Netherlands,22 May 1961,Wolfgang von Trips,Ferrari,75,2:01:52.100
99,Belgium,18 Jun 1961,Phil Hill,Ferrari,30,2:03:03.800
100,France,02 Jul 1961,Giancarlo Baghetti,Ferrari,52,2:14:17.500
101,Great Britain,15 Jul 1961,Wolfgang von Trips,Ferrari,75,2:40:53.600
102,Germany,06 Aug 1961,Stirling Moss,Lotus Climax,15,2:18:12.400
103,Italy,10 Sep 1961,Phil Hill,Ferrari,43,2:03:13.000
104,United States,08 Oct 1961,Innes Ireland,Lotus Climax,100,2:13:45.800
105,Netherlands,20 May 1962,Graham Hill,BRM,80,2:11:02.100
106,Monaco,03 Jun 1962,Bruce McLaren,Cooper Climax,100,2:46:29.700
107,Belgium,17 Jun 1962,Jim Clark,Lotus Climax,32,2:07:32.300
108,France,08 Jul 1962,Dan Gurney,Porsche,54,2:07:35.500
109,Great Britain,21 Jul 1962,Jim Clark,Lotus Climax,75,2:26:20.800
110,Germany,05 Aug 1962,Graham Hill,BRM,15,2:38:45.300
111,Italy,16 Sep 1962,Graham Hill,BRM,86,2:29:08.400
112,United States,07 Oct 1962,Jim Clark,Lotus Climax,100,2:07:13.000
113,South Africa,29 Dec 1962,Graham Hill,BRM,82,2:08:03.300
114,Monaco,26 May 1963,Graham Hill,BRM,100,2:41:49.700
115,Belgium,09 Jun 1963,Jim Clark,Lotus Climax,32,2:27:47.600
116,Netherlands,23 Jun 1963,Jim Clark,Lotus Climax,80,2:08:13.700
117,France,30 Jun 1963,Jim Clark,Lotus Climax,53,2:10:54.300
118,Great Britain,20 Jul 1963,Jim Clark,Lotus Climax,82,2:14:09.600
119,Germany,04 Aug 1963,John Surtees,Ferrari,15,2:13:06.800
120,Italy,08 Sep 1963,Jim Clark,Lotus Climax,86,2:24:19.600
121,United States,06 Oct 1963,Graham Hill,BRM,110,2:19:22.100
122,Mexico,27 Oct 1963,Jim Clark,Lotus Climax,65,2:09:52.100
123,South Africa,28 Dec 1963,Jim Clark,Lotus Climax,85,2:10:36.900
124,Monaco,10 May 1964,Graham Hill,BRM,100,2:41:19.500
125,Netherlands,24 May 1964,Jim Clark,Lotus Climax,80,2:07:35.400
126,Belgium,14 Jun 1964,Jim Clark,Lotus Climax,32,2:06:40.500
127,France,28 Jun 1964,Dan Gurney,Brabham Climax,57,2:07:49.100
128,Great Britain,11 Jul 1964,Jim Clark,Lotus Climax,80,2:15:07.000
129,Germany,02 Aug 1964,John Surtees,Ferrari,15,2:12:04.800
130,Austria,23 Aug 1964,Lorenzo Bandini,Ferrari,105,2:06:18.230
131,Italy,06 Sep 1964,John Surtees,Ferrari,78,2:10:51.800
132,United States,04 Oct 1964,Graham Hill,BRM,110,2:16:38.000
133,Mexico,25 Oct 1964,Dan Gurney,Brabham Climax,65,2:09:50.320
134,South Africa,01 Jan 1965,Jim Clark,Lotus Climax,85,2:06:46.000
135,Monaco,30 May 1965,Graham Hill,BRM,100,2:37:39.600
136,Belgium,13 Jun 1965,Jim Clark,Lotus Climax,32,2:23:34.800
137,France,27 Jun 1965,Jim Clark,Lotus Climax,40,2:14:38.400
138,Great Britain,10 Jul 1965,Jim Clark,Lotus Climax,80,2:05:25.400
139,Netherlands,18 Jul 1965,Jim Clark,Lotus Climax,80,2:03:59.100
140,Germany,01 Aug 1965,Jim Clark,Lotus Climax,15,2:07:52.400
141,Italy,12 Sep 1965,Jackie Stewart,BRM,76,2:04:52.800
142,United States,03 Oct 1965,Graham Hill,BRM,110,2:20:36.100
143,Mexico,24 Oct 1965,Richie Ginther,Honda,65,2:08:32.100
144,Monaco,22 May 1966,Jackie Stewart,BRM,100,2:33:10.500
145,Belgium,12 Jun 1966,John Surtees,Ferrari,28,2:09:11.300
146,France,03 Jul 1966,Jack Brabham,Brabham Repco,48,1:48:31.300
147,Great Britain,16 Jul 1966,Jack Brabham,Brabham Repco,80,2:13:13.400
148,Netherlands,24 Jul 1966,Jack Brabham,Brabham Repco,90,2:20:32.500
149,Germany,07 Aug 1966,Jack Brabham,Brabham Repco,15,2:27:03.000
150,Italy,04 Sep 1966,Ludovico Scarfiotti,Ferrari,68,1:47:14.800
151,United States,02 Oct 1966,Jim Clark,Lotus BRM,108,2:09:40.100
152,Mexico,23 Oct 1966,John Surtees,Cooper Maserati,65,2:06:35.340
153,South Africa,02 Jan 1967,Pedro Rodriguez,Cooper Maserati,80,2:05:45.900
154,Monaco,07 May 1967,Denny Hulme,Brabham Repco,100,2:34:34.300
155,Netherlands,04 Jun 1967,Jim Clark,Lotus Ford,90,2:14:45.100
156,Belgium,18 Jun 1967,Dan Gurney,Eagle Weslake,28,1:40:49.400
157,France,02 Jul 1967,Jack Brabham,Brabham Repco,80,2:13:21.300
158,Great Britain,15 Jul 1967,Jim Clark,Lotus Ford,80,1:59:25.600
159,Germany,06 Aug 1967,Denny Hulme,Brabham Repco,15,2:05:55.700
160,Canada,27 Aug 1967,Jack Brabham,Brabham Repco,90,2:40:40.000
161,Italy,10 Sep 1967,John Surtees,Honda,68,1:43:45.000
162,United States,01 Oct 1967,Jim Clark,Lotus Ford,108,2:03:13.200
163,Mexico,22 Oct 1967,Jim Clark,Lotus Ford,65,1:59:28.700
164,South Africa,01 Jan 1968,Jim Clark,Lotus Ford,80,1:53:56.600
165,Spain,12 May 1968,Graham Hill,Lotus Ford,90,2:15:20.100
166,Monaco,26 May 1968,Graham Hill,Lotus Ford,80,2:00:32.300
167,Belgium,09 Jun 1968,Bruce McLaren,McLaren Ford,28,1:40:02.100
168,Netherlands,23 Jun 1968,Jackie Stewart,Matra Ford,90,2:46:11.260
169,France,07 Jul 1968,Jacky Ickx,Ferrari,60,2:25:40.900
170,Great Britain,20 Jul 1968,Jo Siffert,Lotus Ford,80,2:01:20.300
171,Germany,04 Aug 1968,Jackie Stewart,Matra Ford,14,2:19:03.200
172,Italy,08 Sep 1968,Denny Hulme,McLaren Ford,68,1:40:14.800
173,Canada,22 Sep 1968,Denny Hulme,McLaren Ford,90,2:27:11.200
174,United States,06 Oct 1968,Jackie Stewart,Matra Ford,108,1:59:20.290
175,Mexico,03 Nov 1968,Graham Hill,Lotus Ford,65,1:56:43.950
176,South Africa,01 Mar 1969,Jackie Stewart,Matra Ford,80,1:50:39.100
177,Spain,04 May 1969,Jackie Stewart,Matra Ford,90,2:16:53.990
178,Monaco,18 May 1969,Graham Hill,Lotus Ford,80,1:56:59.400
179,Netherlands,21 Jun 1969,Jackie Stewart,Matra Ford,90,2:06:42.080
180,France,06 Jul 1969,Jackie Stewart,Matra Ford,38,1:56:47.400
181,Great Britain,19 Jul 1969,Jackie Stewart,Matra Ford,84,1:55:55.600
182,Germany,03 Aug 1969,Jacky Ickx,Brabham Ford,14,1:49:55.400
183,Italy,07 Sep 1969,Jackie Stewart,Matra Ford,68,1:39:11.260
184,Canada,20 Sep 1969,Jacky Ickx,Brabham Ford,90,1:59:25.700
185,United States,05 Oct 1969,Jochen Rindt,Lotus Ford,108,1:57:56.840
186,Mexico,19 Oct 1969,Denny Hulme,McLaren Ford,65,1:54:08.800
187,South Africa,07 Mar 1970,Jack Brabham,Brabham Ford,80,1:49:34.600
188,Spain,19 Apr 1970,Jackie Stewart,March Ford,90,2:10:58.200
189,Monaco,10 May 1970,Jochen Rindt,Lotus Ford,80,1:54:36.600
190,Belgium,07 Jun 1970,Pedro Rodriguez,BRM,28,1:38:09.900
191,Netherlands,21 Jun 1970,Jochen Rindt,Lotus Ford,80,1:50:43.410
192,France,05 Jul 1970,Jochen Rindt,Lotus Ford,38,1:55:57.000
193,Great Britain,18 Jul 1970,Jochen Rindt,Lotus Ford,80,1:57:02.000
194,Germany,02 Aug 1970,Jochen Rindt,Lotus Ford,50,1:42:00.300
195,Austria,16 Aug 1970,Jacky Ickx,Ferrari,60,1:42:17.320
196,Italy,06 Sep 1970,Clay Regazzoni,Ferrari,68,1:39:06.880
197,Canada,20 Sep 1970,Jacky Ickx,Ferrari,90,2:21:18.400
198,United States,04 Oct 1970,Emerson Fittipaldi,Lotus Ford,108,1:57:32.790
199,Mexico,25 Oct 1970,Jacky Ickx,Ferrari,65,1:53:28.360
200,South Africa,06 Mar 1971,Mario Andretti,Ferrari,79,1:47:35.500
201,Spain,18 Apr 1971,Jackie Stewart,Tyrrell Ford,75,1:49:03.400
202,Monaco,23 May 1971,Jackie Stewart,Tyrrell Ford,80,1:52:21.300
203,Netherlands,20 Jun 1971,Jacky Ickx,Ferrari,70,1:56:20.090
204,France,04 Jul 1971,Jackie Stewart,Tyrrell Ford,55,1:46:41.680
205,Great Britain,17 Jul 1971,Jackie Stewart,Tyrrell Ford,68,1:31:31.500
206,Germany,01 Aug 1971,Jackie Stewart,Tyrrell Ford,12,1:29:15.700
207,Austria,15 Aug 1971,Jo Siffert,BRM,54,1:30:23.910
208,Italy,05 Sep 1971,Peter  Gethin ,BRM,55,1:18:12.600
209,Canada,19 Sep 1971,Jackie Stewart,Tyrrell Ford,64,1:55:12.900
210,United States,03 Oct 1971,Francois  Cevert ,Tyrrell Ford,59,1:43:51.991
211,Argentina,23 Jan 1972,Jackie Stewart,Tyrrell Ford,95,1:57:58.820
212,South Africa,04 Mar 1972,Denny Hulme,McLaren Ford,79,1:45:49.100
213,Spain,01 May 1972,Emerson Fittipaldi,Lotus Ford,90,2:03:41.230
214,Monaco,14 May 1972,Jean-Pierre Beltoise,BRM,80,2:26:54.700
215,Belgium,04 Jun 1972,Emerson Fittipaldi,Lotus Ford,85,1:44:06.700
216,France,02 Jul 1972,Jackie Stewart,Tyrrell Ford,38,1:52:21.500
217,Great Britain,15 Jul 1972,Emerson Fittipaldi,Lotus Ford,76,1:47:50.200
218,Germany,30 Jul 1972,Jacky Ickx,Ferrari,14,1:42:12.300
219,Austria,13 Aug 1972,Emerson Fittipaldi,Lotus Ford,54,1:29:16.660
220,Italy,10 Sep 1972,Emerson Fittipaldi,Lotus Ford,55,1:29:58.400
221,Canada,24 Sep 1972,Jackie Stewart,Tyrrell Ford,80,1:43:16.900
222,United States,08 Oct 1972,Jackie Stewart,Tyrrell Ford,59,1:41:45.354
223,Argentina,28 Jan 1973,Emerson Fittipaldi,Lotus Ford,96,1:56:18.220
224,Brazil,11 Feb 1973,Emerson Fittipaldi,Lotus Ford,40,1:43:55.600
225,South Africa,03 Mar 1973,Jackie Stewart,Tyrrell Ford,79,1:43:11.070
226,Spain,29 Apr 1973,Emerson Fittipaldi,Lotus Ford,75,1:48:18.700
227,Belgium,20 May 1973,Jackie Stewart,Tyrrell Ford,70,1:42:13.430
228,Monaco,03 Jun 1973,Jackie Stewart,Tyrrell Ford,78,1:57:44.300
229,Sweden,17 Jun 1973,Denny Hulme,McLaren Ford,80,1:56:46.049
230,France,01 Jul 1973,Ronnie Peterson,Lotus Ford,54,1:41:36.520
231,Great Britain,14 Jul 1973,Peter   Revson,McLaren Ford,67,1:29:18.500
232,Netherlands,29 Jul 1973,Jackie Stewart,Tyrrell Ford,72,1:39:12.450
233,Germany,05 Aug 1973,Jackie Stewart,Tyrrell Ford,14,1:42:03.000
234,Austria,19 Aug 1973,Ronnie Peterson,Lotus Ford,54,1:28:48.780
235,Italy,09 Sep 1973,Ronnie Peterson,Lotus Ford,55,1:29:17.000
236,Canada,23 Sep 1973,Peter   Revson,McLaren Ford,80,1:59:04.083
237,United States,07 Oct 1973,Ronnie Peterson,Lotus Ford,59,1:41:15.799
238,Argentina,13 Jan 1974,Denny Hulme,McLaren Ford,53,1:41:02.010
239,Brazil,27 Jan 1974,Emerson Fittipaldi,McLaren Ford,32,1:24:37.060
240,South Africa,30 Mar 1974,Carlos Reutemann,Brabham Ford,78,1:42:40.960
241,Spain,28 Apr 1974,Niki Lauda,Ferrari,84,2:00:29.560
242,Belgium,12 May 1974,Emerson Fittipaldi,McLaren Ford,85,1:44:20.570
243,Monaco,26 May 1974,Ronnie Peterson,Lotus Ford,78,1:58:03.700
244,Sweden,09 Jun 1974,Jody Scheckter,Tyrrell Ford,80,1:58:31.391
245,Netherlands,23 Jun 1974,Niki Lauda,Ferrari,75,1:43:00.350
246,France,07 Jul 1974,Ronnie Peterson,Lotus Ford,80,1:21:55.020
247,Great Britain,20 Jul 1974,Jody Scheckter,Tyrrell Ford,75,1:43:02.200
248,Germany,04 Aug 1974,Clay Regazzoni,Ferrari,14,1:41:35.000
249,Austria,18 Aug 1974,Carlos Reutemann,Brabham Ford,54,1:28:44.720
250,Italy,08 Sep 1974,Ronnie Peterson,Lotus Ford,52,1:22:56.600
251,Canada,22 Sep 1974,Emerson Fittipaldi,McLaren Ford,80,1:40:26.136
252,United States,06 Oct 1974,Carlos Reutemann,Brabham Ford,59,1:40:21.439
253,Argentina,12 Jan 1975,Emerson Fittipaldi,McLaren Ford,53,1:39:26.290
254,Brazil,26 Jan 1975,Carlos Pace,Brabham Ford,40,1:44:41.170
255,South Africa,01 Mar 1975,Jody Scheckter,Tyrrell Ford,78,1:43:16.900
256,Spain,27 Apr 1975,Jochen Mass,McLaren Ford,29,42:53.700
257,Monaco,11 May 1975,Niki Lauda,Ferrari,75,2:01:21.310
258,Belgium,25 May 1975,Niki Lauda,Ferrari,70,1:43:53.980
259,Sweden,08 Jun 1975,Niki Lauda,Ferrari,80,1:59:18.319
260,Netherlands,22 Jun 1975,James Hunt,Hesketh Ford,75,1:46:57.400
261,France,06 Jul 1975,Niki Lauda,Ferrari,54,1:40:18.840
262,Great Britain,19 Jul 1975,Emerson Fittipaldi,McLaren Ford,56,1:22:05.000
263,Germany,03 Aug 1975,Carlos Reutemann,Brabham Ford,14,1:41:14.100
264,Austria,17 Aug 1975,Vittorio Brambilla,March Ford,29,57:56.690
265,Italy,07 Sep 1975,Clay Regazzoni,Ferrari,52,1:22:42.600
266,United States,05 Oct 1975,Niki Lauda,Ferrari,59,1:42:58.175
267,Brazil,25 Jan 1976,Niki Lauda,Ferrari,40,1:45:16.780
268,South Africa,06 Mar 1976,Niki Lauda,Ferrari,78,1:42:18.400
269,USA West,28 Mar 1976,Clay Regazzoni,Ferrari,80,1:53:18.471
270,Spain,02 May 1976,James Hunt,McLaren Ford,75,1:42:20.430
271,Belgium,16 May 1976,Niki Lauda,Ferrari,70,1:42:53.230
272,Monaco,30 May 1976,Niki Lauda,Ferrari,78,1:59:51.470
273,Sweden,13 Jun 1976,Jody Scheckter,Tyrrell Ford,72,1:46:53.729
274,France,04 Jul 1976,James Hunt,McLaren Ford,54,1:40:58.600
275,Great Britain,18 Jul 1976,Niki Lauda,Ferrari,76,1:44:19.660
276,Germany,01 Aug 1976,James Hunt,McLaren Ford,14,1:41:42.700
277,Austria,15 Aug 1976,John Watson,Penske Ford,54,1:30:07.860
278,Netherlands,29 Aug 1976,James Hunt,McLaren Ford,75,1:44:52.090
279,Italy,12 Sep 1976,Ronnie Peterson,March Ford,52,1:30:35.600
280,Canada,03 Oct 1976,James Hunt,McLaren Ford,80,1:40:09.626
281,USA East,10 Oct 1976,James Hunt,McLaren Ford,59,1:42:40.741
282,Japan,24 Oct 1976,Mario Andretti,Lotus Ford,73,1:43:58.860
283,Argentina,09 Jan 1977,Jody Scheckter,Wolf Ford,53,1:40:11.190
284,Brazil,23 Jan 1977,Carlos Reutemann,Ferrari,40,1:45:07.720
285,South Africa,05 Mar 1977,Niki Lauda,Ferrari,78,1:42:21.600
286,USA West,03 Apr 1977,Mario Andretti,Lotus Ford,80,1:51:35.470
287,Spain,08 May 1977,Mario Andretti,Lotus Ford,75,1:42:52.220
288,Monaco,22 May 1977,Jody Scheckter,Wolf Ford,76,1:57:52.770
289,Belgium,05 Jun 1977,Gunnar Nilsson,Lotus Ford,70,1:55:05.710
290,Sweden,19 Jun 1977,Jacques Laffite,Ligier Matra,72,1:46:55.520
291,France,03 Jul 1977,Mario Andretti,Lotus Ford,80,1:39:40.130
292,Great Britain,16 Jul 1977,James Hunt,McLaren Ford,68,1:31:46.060
293,Germany,31 Jul 1977,Niki Lauda,Ferrari,47,1:31:48.620
294,Austria,14 Aug 1977,Alan  Jones,Shadow Ford,54,1:37:16.490
295,Netherlands,28 Aug 1977,Niki Lauda,Ferrari,75,1:41:45.930
296,Italy,11 Sep 1977,Mario Andretti,Lotus Ford,52,1:27:50.300
297,USA East,02 Oct 1977,James Hunt,McLaren Ford,59,1:58:23.267
298,Canada,09 Oct 1977,Jody Scheckter,Wolf Ford,80,1:40:00.000
299,Japan,23 Oct 1977,James Hunt,McLaren Ford,73,1:31:51.680
300,Argentina,15 Jan 1978,Mario Andretti,Lotus Ford,52,1:37:04.470
301,Brazil,29 Jan 1978,Carlos Reutemann,Ferrari,63,1:49:59.860
302,South Africa,04 Mar 1978,Ronnie Peterson,Lotus Ford,78,1:42:15.767
303,USA West,02 Apr 1978,Carlos Reutemann,Ferrari,80,1:52:01.301
304,Monaco,07 May 1978,Patrick Depailler,Tyrrell Ford,75,1:55:14.660
305,Belgium,21 May 1978,Mario Andretti,Lotus Ford,70,1:39:52.020
306,Spain,04 Jun 1978,Mario Andretti,Lotus Ford,75,1:41:47.060
307,Sweden,17 Jun 1978,Niki Lauda,Brabham Alfa Romeo,70,1:41:00.606
308,France,02 Jul 1978,Mario Andretti,Lotus Ford,54,1:38:51.920
309,Great Britain,16 Jul 1978,Carlos Reutemann,Ferrari,76,1:42:12.390
310,Germany,30 Jul 1978,Mario Andretti,Lotus Ford,45,1:28:00.900
311,Austria,13 Aug 1978,Ronnie Peterson,Lotus Ford,54,1:41:21.570
312,Netherlands,27 Aug 1978,Mario Andretti,Lotus Ford,75,1:41:04.230
313,Italy,10 Sep 1978,Niki Lauda,Brabham Alfa Romeo,40,1:07:04.540
314,USA East,01 Oct 1978,Carlos Reutemann,Ferrari,59,1:40:48.800
315,Canada,08 Oct 1978,Gilles Villeneuve,Ferrari,70,1:57:49.196
316,Argentina,21 Jan 1979,Jacques Laffite,Ligier Ford,53,1:36:03.210
317,Brazil,04 Feb 1979,Jacques Laffite,Ligier Ford,40,1:40:09.640
318,South Africa,03 Mar 1979,Gilles Villeneuve,Ferrari,78,1:41:49.960
319,USA West,08 Apr 1979,Gilles Villeneuve,Ferrari,80,1:50:25.400
320,Spain,29 Apr 1979,Patrick Depailler,Ligier Ford,75,1:39:11.840
321,Belgium,13 May 1979,Jody Scheckter,Ferrari,70,1:39:59.530
322,Monaco,27 May 1979,Jody Scheckter,Ferrari,76,1:55:22.480
323,France,01 Jul 1979,Jean-Pierre Jabouille,Renault,80,1:35:20.420
324,Great Britain,14 Jul 1979,Clay Regazzoni,Williams Ford,68,1:26:11.170
325,Germany,29 Jul 1979,Alan  Jones,Williams Ford,45,1:24:48.830
326,Austria,12 Aug 1979,Alan  Jones,Williams Ford,54,1:27:38.010
327,Netherlands,26 Aug 1979,Alan  Jones,Williams Ford,75,1:41:19.775
328,Italy,09 Sep 1979,Jody Scheckter,Ferrari,50,1:22:00.220
329,Canada,30 Sep 1979,Alan  Jones,Williams Ford,72,1:52:06.892
330,USA East,07 Oct 1979,Gilles Villeneuve,Ferrari,59,1:52:17.734
331,Argentina,13 Jan 1980,Alan  Jones,Williams Ford,53,1:43:24.380
332,Brazil,27 Jan 1980,Rene Arnoux,Renault,40,1:40:01.330
333,South Africa,01 Mar 1980,Rene Arnoux,Renault,78,1:36:52.540
334,USA West,30 Mar 1980,Nelson Piquet,Brabham Ford,80,1:50:18.550
335,Belgium,04 May 1980,Didier Pironi,Ligier Ford,72,1:38:46.510
336,Monaco,18 May 1980,Carlos Reutemann,Williams Ford,76,1:55:34.365
337,France,29 Jun 1980,Alan  Jones,Williams Ford,54,1:32:43.420
338,Great Britain,13 Jul 1980,Alan  Jones,Williams Ford,76,1:34:49.228
339,Germany,10 Aug 1980,Jacques Laffite,Ligier Ford,45,1:22:59.730
340,Austria,17 Aug 1980,Jean-Pierre Jabouille,Renault,54,1:26:15.730
341,Netherlands,31 Aug 1980,Nelson Piquet,Brabham Ford,72,1:38:13.830
342,Italy,14 Sep 1980,Nelson Piquet,Brabham Ford,60,1:38:07.520
343,Canada,28 Sep 1980,Alan  Jones,Williams Ford,70,1:46:45.530
344,USA East,05 Oct 1980,Alan  Jones,Williams Ford,59,1:34:36.050
345,USA West,15 Mar 1981,Alan  Jones,Williams Ford,80,1:50:41.330
346,Brazil,29 Mar 1981,Carlos Reutemann,Williams Ford,62,2:00:23.660
347,Argentina,12 Apr 1981,Nelson Piquet,Brabham Ford,53,1:34:32.740
348,San Marino,03 May 1981,Nelson Piquet,Brabham Ford,60,1:51:23.970
349,Belgium,17 May 1981,Carlos Reutemann,Williams Ford,54,1:16:31.610
350,Monaco,31 May 1981,Gilles Villeneuve,Ferrari,76,1:54:23.380
351,Spain,21 Jun 1981,Gilles Villeneuve,Ferrari,80,1:46:35.010
352,France,05 Jul 1981,Alain Prost,Renault,80,1:35:48.130
353,Great Britain,18 Jul 1981,John Watson,McLaren Ford,68,1:26:54.800
354,Germany,02 Aug 1981,Nelson Piquet,Brabham Ford,45,1:25:55.600
355,Austria,16 Aug 1981,Jacques Laffite,Ligier Matra,53,1:27:36.470
356,Netherlands,30 Aug 1981,Alain Prost,Renault,72,1:40:22.430
357,Italy,13 Sep 1981,Alain Prost,Renault,52,1:26:33.897
358,Canada,27 Sep 1981,Jacques Laffite,Ligier Matra,63,2:01:25.205
359,Las Vegas,17 Oct 1981,Alan  Jones,Williams Ford,75,1:44:09.077
360,South Africa,23 Jan 1982,Alain Prost,Renault,77,1:32:08.401
361,Brazil,21 Mar 1982,Alain Prost,Renault,63,1:44:33.134
362,USA West,04 Apr 1982,Niki Lauda,McLaren Ford,75,1:58:25.318
363,San Marino,25 Apr 1982,Didier Pironi,Ferrari,60,1:36:38.887
364,Belgium,09 May 1982,John Watson,McLaren Ford,70,1:35:41.995
365,Monaco,23 May 1982,Riccardo Patrese,Brabham Ford,76,1:54:11.259
366,Detroit,06 Jun 1982,John Watson,McLaren Ford,62,1:58:41.043
367,Canada,13 Jun 1982,Nelson Piquet,Brabham BMW,70,1:46:39.577
368,Netherlands,03 Jul 1982,Didier Pironi,Ferrari,72,1:38:03.254
369,Great Britain,18 Jul 1982,Niki Lauda,McLaren Ford,76,1:35:33.812
370,France,25 Jul 1982,Rene Arnoux,Renault,54,1:33:33.217
371,Germany,08 Aug 1982,Patrick Tambay,Ferrari,45,1:27:25.178
372,Austria,15 Aug 1982,Elio de Angelis,Lotus Ford,53,1:25:02.212
373,Switzerland,29 Aug 1982,Keke Rosberg,Williams Ford,80,1:32:41.087
374,Italy,12 Sep 1982,Rene Arnoux,Renault,52,1:22:25.734
375,Las Vegas,25 Sep 1982,Michele Alboreto,Tyrrell Ford,75,1:41:56.888
376,Brazil,13 Mar 1983,Nelson Piquet,Brabham BMW,63,1:48:27.731
377,USA West,27 Mar 1983,John Watson,McLaren Ford,75,1:53:34.889
378,France,17 Apr 1983,Alain Prost,Renault,54,1:34:13.913
379,San Marino,01 May 1983,Patrick Tambay,Ferrari,60,1:37:52.460
380,Monaco,15 May 1983,Keke Rosberg,Williams Ford,76,1:56:38.121
381,Belgium,22 May 1983,Alain Prost,Renault,40,1:27:11.502
382,Detroit,05 Jun 1983,Michele Alboreto,Tyrrell Ford,60,1:50:53.669
383,Canada,12 Jun 1983,Rene Arnoux,Ferrari,70,1:48:31.838
384,Great Britain,16 Jul 1983,Alain Prost,Renault,67,1:24:39.780
385,Germany,07 Aug 1983,Rene Arnoux,Ferrari,45,1:27:10.319
386,Austria,14 Aug 1983,Alain Prost,Renault,53,1:24:32.745
387,Netherlands,28 Aug 1983,Rene Arnoux,Ferrari,72,1:38:41.950
388,Italy,11 Sep 1983,Nelson Piquet,Brabham BMW,52,1:23:10.880
389,Europe,25 Sep 1983,Nelson Piquet,Brabham BMW,76,1:36:45.865
390,South Africa,15 Oct 1983,Riccardo Patrese,Brabham BMW,77,1:33:25.708
391,Brazil,25 Mar 1984,Alain Prost,McLaren TAG,61,1:42:34.492
392,South Africa,07 Apr 1984,Niki Lauda,McLaren TAG,75,1:29:23.430
393,Belgium,29 Apr 1984,Michele Alboreto,Ferrari,70,1:36:32.048
394,San Marino,06 May 1984,Alain Prost,McLaren TAG,60,1:36:53.679
395,France,20 May 1984,Niki Lauda,McLaren TAG,79,1:31:11.951
396,Monaco,03 Jun 1984,Alain Prost,McLaren TAG,31,1:01:07.740
397,Canada,17 Jun 1984,Nelson Piquet,Brabham BMW,70,1:46:23.748
398,Detroit,24 Jun 1984,Nelson Piquet,Brabham BMW,63,1:55:41.842
399,Dallas,08 Jul 1984,Keke Rosberg,Williams Honda,67,2:01:22.617
400,Great Britain,22 Jul 1984,Niki Lauda,McLaren TAG,71,1:29:28.532
401,Germany,05 Aug 1984,Alain Prost,McLaren TAG,44,1:24:43.210
402,Austria,19 Aug 1984,Niki Lauda,McLaren TAG,51,1:21:12.851
403,Netherlands,26 Aug 1984,Alain Prost,McLaren TAG,71,1:37:21.468
404,Italy,09 Sep 1984,Niki Lauda,McLaren TAG,51,1:20:29.065
405,Europe,07 Oct 1984,Alain Prost,McLaren TAG,67,1:35:13.284
406,Portugal,21 Oct 1984,Alain Prost,McLaren TAG,70,1:41:11.753
407,Brazil,07 Apr 1985,Alain Prost,McLaren TAG,61,1:41:26.115
408,Portugal,21 Apr 1985,Ayrton Senna,Lotus Renault,67,2:00:28.006
409,San Marino,05 May 1985,Elio de Angelis,Lotus Renault,60,1:34:35.955
410,Monaco,19 May 1985,Alain Prost,McLaren TAG,78,1:51:58.034
411,Canada,16 Jun 1985,Michele Alboreto,Ferrari,70,1:46:01.813
412,Detroit,23 Jun 1985,Keke Rosberg,Williams Honda,63,1:55:39.851
413,France,07 Jul 1985,Nelson Piquet,Brabham BMW,53,1:31:46.266
414,Great Britain,21 Jul 1985,Alain Prost,McLaren TAG,65,1:18:10.436
415,Germany,04 Aug 1985,Michele Alboreto,Ferrari,67,1:35:31.337
416,Austria,18 Aug 1985,Alain Prost,McLaren TAG,52,1:20:12.583
417,Netherlands,25 Aug 1985,Niki Lauda,McLaren TAG,70,1:32:29.263
418,Italy,08 Sep 1985,Alain Prost,McLaren TAG,51,1:17:59.451
419,Belgium,15 Sep 1985,Ayrton Senna,Lotus Renault,43,1:34:19.893
420,Europe,06 Oct 1985,Nigel Mansell,Williams Honda,75,1:32:58.109
421,South Africa,19 Oct 1985,Nigel Mansell,Williams Honda,75,1:28:22.866
422,Australia,03 Nov 1985,Keke Rosberg,Williams Honda,82,2:00:40.473
423,Brazil,23 Mar 1986,Nelson Piquet,Williams Honda,61,1:39:32.583
424,Spain,13 Apr 1986,Ayrton Senna,Lotus Renault,72,1:48:47.735
425,San Marino,27 Apr 1986,Alain Prost,McLaren TAG,60,1:32:28.408
426,Monaco,11 May 1986,Alain Prost,McLaren TAG,78,1:55:41.060
427,Belgium,25 May 1986,Nigel Mansell,Williams Honda,43,1:27:57.925
428,Canada,15 Jun 1986,Nigel Mansell,Williams Honda,69,1:42:26.415
429,Detroit,22 Jun 1986,Ayrton Senna,Lotus Renault,63,1:51:12.847
430,France,06 Jul 1986,Nigel Mansell,Williams Honda,80,1:37:19.272
431,Great Britain,13 Jul 1986,Nigel Mansell,Williams Honda,75,1:30:38.471
432,Germany,27 Jul 1986,Nelson Piquet,Williams Honda,44,1:22:08.263
433,Hungary,10 Aug 1986,Nelson Piquet,Williams Honda,76,2:00:34.508
434,Austria,17 Aug 1986,Alain Prost,McLaren TAG,52,1:21:22.531
435,Italy,07 Sep 1986,Nelson Piquet,Williams Honda,51,1:17:42.889
436,Portugal,21 Sep 1986,Nigel Mansell,Williams Honda,70,1:37:21.900
437,Mexico,12 Oct 1986,Gerhard Berger,Benetton BMW,68,1:33:18.700
438,Australia,26 Oct 1986,Alain Prost,McLaren TAG,82,1:54:20.388
439,Brazil,12 Apr 1987,Alain Prost,McLaren TAG,61,1:39:45.141
440,San Marino,03 May 1987,Nigel Mansell,Williams Honda,59,1:31:24.076
441,Belgium,17 May 1987,Alain Prost,McLaren TAG,43,1:27:03.217
442,Monaco,31 May 1987,Ayrton Senna,Lotus Honda,78,1:57:54.085
443,Detroit,21 Jun 1987,Ayrton Senna,Lotus Honda,63,1:50:16.358
444,France,05 Jul 1987,Nigel Mansell,Williams Honda,80,1:37:03.839
445,Great Britain,12 Jul 1987,Nigel Mansell,Williams Honda,65,1:19:11.780
446,Germany,26 Jul 1987,Nelson Piquet,Williams Honda,44,1:21:25.091
447,Hungary,09 Aug 1987,Nelson Piquet,Williams Honda,76,1:59:26.793
448,Austria,16 Aug 1987,Nigel Mansell,Williams Honda,52,1:18:44.898
449,Italy,06 Sep 1987,Nelson Piquet,Williams Honda,50,1:14:47.707
450,Portugal,20 Sep 1987,Alain Prost,McLaren TAG,70,1:37:03.906
451,Spain,27 Sep 1987,Nigel Mansell,Williams Honda,72,1:49:12.692
452,Mexico,18 Oct 1987,Nigel Mansell,Williams Honda,63,1:26:24.207
453,Japan,01 Nov 1987,Gerhard Berger,Ferrari,51,1:32:58.072
454,Australia,15 Nov 1987,Gerhard Berger,Ferrari,82,1:52:56.144
455,Brazil,03 Apr 1988,Alain Prost,McLaren Honda,60,1:36:06.857
456,San Marino,01 May 1988,Ayrton Senna,McLaren Honda,60,1:32:41.264
457,Monaco,15 May 1988,Alain Prost,McLaren Honda,78,1:57:17.077
458,Mexico,29 May 1988,Alain Prost,McLaren Honda,67,1:30:15.737
459,Canada,12 Jun 1988,Ayrton Senna,McLaren Honda,69,1:39:46.618
460,Detroit,19 Jun 1988,Ayrton Senna,McLaren Honda,63,1:54:56.035
461,France,03 Jul 1988,Alain Prost,McLaren Honda,80,1:37:37.328
462,Great Britain,10 Jul 1988,Ayrton Senna,McLaren Honda,65,1:33:16.367
463,Germany,24 Jul 1988,Ayrton Senna,McLaren Honda,44,1:32:54.188
464,Hungary,07 Aug 1988,Ayrton Senna,McLaren Honda,76,1:57:47.081
465,Belgium,28 Aug 1988,Ayrton Senna,McLaren Honda,43,1:28:00.549
466,Italy,11 Sep 1988,Gerhard Berger,Ferrari,51,1:17:39.744
467,Portugal,25 Sep 1988,Alain Prost,McLaren Honda,70,1:37:40.958
468,Spain,02 Oct 1988,Alain Prost,McLaren Honda,72,1:48:43.851
469,Japan,30 Oct 1988,Ayrton Senna,McLaren Honda,51,1:33:26.173
470,Australia,13 Nov 1988,Alain Prost,McLaren Honda,82,1:53:14.676
471,Brazil,26 Mar 1989,Nigel Mansell,Ferrari,61,1:38:58.744
472,San Marino,23 Apr 1989,Ayrton Senna,McLaren Honda,58,1:26:51.245
473,Monaco,07 May 1989,Ayrton Senna,McLaren Honda,77,1:53:33.251
474,Mexico,28 May 1989,Ayrton Senna,McLaren Honda,69,1:35:21.431
475,United States,04 Jun 1989,Alain Prost,McLaren Honda,75,2:01:33.133
476,Canada,18 Jun 1989,Thierry Boutsen,Williams Renault,69,2:01:24.073
477,France,09 Jul 1989,Alain Prost,McLaren Honda,80,1:38:29.411
478,Great Britain,16 Jul 1989,Alain Prost,McLaren Honda,64,1:19:22.131
479,Germany,30 Jul 1989,Ayrton Senna,McLaren Honda,45,1:21:43.302
480,Hungary,13 Aug 1989,Nigel Mansell,Ferrari,77,1:49:38.650
481,Belgium,27 Aug 1989,Ayrton Senna,McLaren Honda,44,1:40:54.196
482,Italy,10 Sep 1989,Alain Prost,McLaren Honda,53,1:19:27.550
483,Portugal,24 Sep 1989,Gerhard Berger,Ferrari,71,1:36:48.546
484,Spain,01 Oct 1989,Ayrton Senna,McLaren Honda,72,1:47:48.264
485,Japan,22 Oct 1989,Alessandro Nannini,Benetton Ford,53,1:35:06.277
486,Australia,05 Nov 1989,Thierry Boutsen,Williams Renault,70,2:00:17.421
487,United States,11 Mar 1990,Ayrton Senna,McLaren Honda,72,1:52:32.829
488,Brazil,25 Mar 1990,Alain Prost,Ferrari,71,1:37:21.258
489,San Marino,13 May 1990,Riccardo Patrese,Williams Renault,61,1:30:55.478
490,Monaco,27 May 1990,Ayrton Senna,McLaren Honda,78,1:52:46.982
491,Canada,10 Jun 1990,Ayrton Senna,McLaren Honda,70,1:42:56.400
492,Mexico,24 Jun 1990,Alain Prost,Ferrari,69,1:32:35.783
493,France,08 Jul 1990,Alain Prost,Ferrari,80,1:33:29.606
494,Great Britain,15 Jul 1990,Alain Prost,Ferrari,64,1:18:30.999
495,Germany,29 Jul 1990,Ayrton Senna,McLaren Honda,45,1:20:47.164
496,Hungary,12 Aug 1990,Thierry Boutsen,Williams Renault,77,1:49:30.597
497,Belgium,26 Aug 1990,Ayrton Senna,McLaren Honda,44,1:26:31.997
498,Italy,09 Sep 1990,Ayrton Senna,McLaren Honda,53,1:17:57.878
499,Portugal,23 Sep 1990,Nigel Mansell,Ferrari,61,1:22:11.014
500,Spain,30 Sep 1990,Alain Prost,Ferrari,73,1:48:01.461
501,Japan,21 Oct 1990,Nelson Piquet,Benetton Ford,53,1:34:36.824
502,Australia,04 Nov 1990,Nelson Piquet,Benetton Ford,81,1:49:44.570
503,United States,10 Mar 1991,Ayrton Senna,McLaren Honda,81,2:00:47.828
504,Brazil,24 Mar 1991,Ayrton Senna,McLaren Honda,71,1:38:28.128
505,San Marino,28 Apr 1991,Ayrton Senna,McLaren Honda,61,1:35:14.750
506,Monaco,12 May 1991,Ayrton Senna,McLaren Honda,78,1:53:02.334
507,Canada,02 Jun 1991,Nelson Piquet,Benetton Ford,69,1:38:51.490
508,Mexico,16 Jun 1991,Riccardo Patrese,Williams Renault,67,1:29:52.205
509,France,07 Jul 1991,Nigel Mansell,Williams Renault,72,1:38:00.056
510,Great Britain,14 Jul 1991,Nigel Mansell,Williams Renault,59,1:27:35.479
511,Germany,28 Jul 1991,Nigel Mansell,Williams Renault,45,1:19:29.661
512,Hungary,11 Aug 1991,Ayrton Senna,McLaren Honda,77,1:49:12.796
513,Belgium,25 Aug 1991,Ayrton Senna,McLaren Honda,44,1:27:17.669
514,Italy,08 Sep 1991,Nigel Mansell,Williams Renault,53,1:17:54.319
515,Portugal,22 Sep 1991,Riccardo Patrese,Williams Renault,71,1:35:42.304
516,Spain,29 Sep 1991,Nigel Mansell,Williams Renault,65,1:38:41.541
517,Japan,20 Oct 1991,Gerhard Berger,McLaren Honda,53,1:32:10.695
518,Australia,03 Nov 1991,Ayrton Senna,McLaren Honda,14,24:34.899
519,South Africa,01 Mar 1992,Nigel Mansell,Williams Renault,72,1:36:45.320
520,Mexico,22 Mar 1992,Nigel Mansell,Williams Renault,69,1:31:53.587
521,Brazil,05 Apr 1992,Nigel Mansell,Williams Renault,71,1:36:51.856
522,Spain,03 May 1992,Nigel Mansell,Williams Renault,65,1:56:10.674
523,San Marino,17 May 1992,Nigel Mansell,Williams Renault,60,1:28:40.927
524,Monaco,31 May 1992,Ayrton Senna,McLaren Honda,78,1:50:59.372
525,Canada,14 Jun 1992,Gerhard Berger,McLaren Honda,69,1:37:08.299
526,France,05 Jul 1992,Nigel Mansell,Williams Renault,69,1:38:08.459
527,Great Britain,12 Jul 1992,Nigel Mansell,Williams Renault,59,1:25:42.991
528,Germany,26 Jul 1992,Nigel Mansell,Williams Renault,45,1:18:22.032
529,Hungary,16 Aug 1992,Ayrton Senna,McLaren Honda,77,1:46:19.216
530,Belgium,30 Aug 1992,Michael Schumacher,Benetton Ford,44,1:36:10.721
531,Italy,13 Sep 1992,Ayrton Senna,McLaren Honda,53,1:18:15.349
532,Portugal,27 Sep 1992,Nigel Mansell,Williams Renault,71,1:34:46.659
533,Japan,25 Oct 1992,Riccardo Patrese,Williams Renault,53,1:33:09.553
534,Australia,08 Nov 1992,Gerhard Berger,McLaren Honda,82,1:46:54.786
535,South Africa,14 Mar 1993,Alain Prost,Williams Renault,72,1:38:45.082
536,Brazil,28 Mar 1993,Ayrton Senna,McLaren Ford,71,1:51:15.485
537,Europe,11 Apr 1993,Ayrton Senna,McLaren Ford,76,1:50:46.570
538,San Marino,25 Apr 1993,Alain Prost,Williams Renault,61,1:33:20.413
539,Spain,09 May 1993,Alain Prost,Williams Renault,65,1:32:27.685
540,Monaco,23 May 1993,Ayrton Senna,McLaren Ford,78,1:52:10.947
541,Canada,13 Jun 1993,Alain Prost,Williams Renault,69,1:36:41.822
542,France,04 Jul 1993,Alain Prost,Williams Renault,72,1:38:35.241
543,Great Britain,11 Jul 1993,Alain Prost,Williams Renault,59,1:25:38.189
544,Germany,25 Jul 1993,Alain Prost,Williams Renault,45,1:18:40.885
545,Hungary,15 Aug 1993,Damon Hill,Williams Renault,77,1:47:39.098
546,Belgium,29 Aug 1993,Damon Hill,Williams Renault,44,1:24:32.124
547,Italy,12 Sep 1993,Damon Hill,Williams Renault,53,1:17:07.509
548,Portugal,26 Sep 1993,Michael Schumacher,Benetton Ford,71,1:32:46.309
549,Japan,24 Oct 1993,Ayrton Senna,McLaren Ford,53,1:40:27.912
550,Australia,07 Nov 1993,Ayrton Senna,McLaren Ford,79,1:43:27.476
551,Brazil,27 Mar 1994,Michael Schumacher,Benetton Ford,71,1:35:38.759
552,Pacific,17 Apr 1994,Michael Schumacher,Benetton Ford,83,1:46:01.693
553,San Marino,01 May 1994,Michael Schumacher,Benetton Ford,58,1:28:28.642
554,Monaco,15 May 1994,Michael Schumacher,Benetton Ford,78,1:49:55.372
555,Spain,29 May 1994,Damon Hill,Williams Renault,65,1:36:14.374
556,Canada,12 Jun 1994,Michael Schumacher,Benetton Ford,69,1:44:31.887
557,France,03 Jul 1994,Michael Schumacher,Benetton Ford,72,1:38:35.704
558,Great Britain,10 Jul 1994,Damon Hill,Williams Renault,60,1:30:03.640
559,Germany,31 Jul 1994,Gerhard Berger,Ferrari,45,1:22:37.272
560,Hungary,14 Aug 1994,Michael Schumacher,Benetton Ford,77,1:48:00.185
561,Belgium,28 Aug 1994,Damon Hill,Williams Renault,44,1:28:47.170
562,Italy,11 Sep 1994,Damon Hill,Williams Renault,53,1:18:02.754
563,Portugal,25 Sep 1994,Damon Hill,Williams Renault,71,1:41:10.165
564,Europe,16 Oct 1994,Michael Schumacher,Benetton Ford,69,1:40:26.689
565,Japan,06 Nov 1994,Damon Hill,Williams Renault,50,1:55:53.532
566,Australia,13 Nov 1994,Nigel Mansell,Williams Renault,81,1:47:51.480
567,Brazil,26 Mar 1995,Michael Schumacher,Benetton Renault,71,1:38:34.154
568,Argentina,09 Apr 1995,Damon Hill,Williams Renault,71,1:51:39.531
569,San Marino,30 Apr 1995,Damon Hill,Williams Renault,63,1:41:42.552
570,Spain,14 May 1995,Michael Schumacher,Benetton Renault,65,1:34:20.507
571,Monaco,28 May 1995,Michael Schumacher,Benetton Renault,78,1:53:11.258
572,Canada,11 Jun 1995,Jean Alesi,Ferrari,69,1:46:31.333
573,France,02 Jul 1995,Michael Schumacher,Benetton Renault,72,1:38:28.429
574,Great Britain,16 Jul 1995,Johnny Herbert,Benetton Renault,61,1:34:35.093
575,Germany,30 Jul 1995,Michael Schumacher,Benetton Renault,45,1:22:56.043
576,Hungary,13 Aug 1995,Damon Hill,Williams Renault,77,1:46:25.721
577,Belgium,27 Aug 1995,Michael Schumacher,Benetton Renault,44,1:36:47.875
578,Italy,10 Sep 1995,Johnny Herbert,Benetton Renault,53,1:18:27.916
579,Portugal,24 Sep 1995,David Coulthard,Williams Renault,71,1:41:52.145
580,Europe,01 Oct 1995,Michael Schumacher,Benetton Renault,67,1:39:59.044
581,Pacific,22 Oct 1995,Michael Schumacher,Benetton Renault,83,1:48:49.972
582,Japan,29 Oct 1995,Michael Schumacher,Benetton Renault,53,1:36:52.930
583,Australia,12 Nov 1995,Damon Hill,Williams Renault,81,1:49:15.946
584,Australia,10 Mar 1996,Damon Hill,Williams Renault,58,1:32:50.491
585,Brazil,31 Mar 1996,Damon Hill,Williams Renault,71,1:49:52.976
586,Argentina,07 Apr 1996,Damon Hill,Williams Renault,72,1:54:55.322
587,Europe,28 Apr 1996,Jacques Villeneuve,Williams Renault,67,1:33:26.473
588,San Marino,05 May 1996,Damon Hill,Williams Renault,63,1:35:26.156
589,Monaco,19 May 1996,Olivier Panis,Ligier Mugen Honda,75,2:00:45.629
590,Spain,02 Jun 1996,Michael Schumacher,Ferrari,65,1:59:49.307
591,Canada,16 Jun 1996,Damon Hill,Williams Renault,69,1:36:03.465
592,France,30 Jun 1996,Damon Hill,Williams Renault,72,1:36:28.795
593,Great Britain,14 Jul 1996,Jacques Villeneuve,Williams Renault,61,1:33:00.874
594,Germany,28 Jul 1996,Damon Hill,Williams Renault,45,1:21:43.417
595,Hungary,11 Aug 1996,Jacques Villeneuve,Williams Renault,77,1:46:21.134
596,Belgium,25 Aug 1996,Michael Schumacher,Ferrari,44,1:28:15.125
597,Italy,08 Sep 1996,Michael Schumacher,Ferrari,53,1:17:43.632
598,Portugal,22 Sep 1996,Jacques Villeneuve,Williams Renault,70,1:40:22.915
599,Japan,13 Oct 1996,Damon Hill,Williams Renault,52,1:32:33.791
600,Australia,09 Mar 1997,David Coulthard,McLaren Mercedes,58,1:30:28.718
601,Brazil,30 Mar 1997,Jacques Villeneuve,Williams Renault,72,1:36:06.990
602,Argentina,13 Apr 1997,Jacques Villeneuve,Williams Renault,72,1:52:01.715
603,San Marino,27 Apr 1997,Heinz-Harald Frentzen,Williams Renault,62,1:31:00.673
604,Monaco,11 May 1997,Michael Schumacher,Ferrari,62,2:00:05.654
605,Spain,25 May 1997,Jacques Villeneuve,Williams Renault,64,1:30:35.896
606,Canada,15 Jun 1997,Michael Schumacher,Ferrari,54,1:17:40.646
607,France,29 Jun 1997,Michael Schumacher,Ferrari,72,1:38:50.492
608,Great Britain,13 Jul 1997,Jacques Villeneuve,Williams Renault,59,1:28:01.665
609,Germany,27 Jul 1997,Gerhard Berger,Benetton Renault,45,1:20:59.046
610,Hungary,10 Aug 1997,Jacques Villeneuve,Williams Renault,77,1:45:47.149
611,Belgium,24 Aug 1997,Michael Schumacher,Ferrari,44,1:33:46.717
612,Italy,07 Sep 1997,David Coulthard,McLaren Mercedes,53,1:17:04.609
613,Austria,21 Sep 1997,Jacques Villeneuve,Williams Renault,71,1:27:35.999
614,Luxembourg,28 Sep 1997,Jacques Villeneuve,Williams Renault,67,1:31:27.843
615,Japan,12 Oct 1997,Michael Schumacher,Ferrari,53,1:29:48.446
616,Europe,26 Oct 1997,Mika Hakkinen,McLaren Mercedes,69,1:38:57.771
617,Australia,08 Mar 1998,Mika Hakkinen,McLaren Mercedes,58,1:31:45.996
618,Brazil,29 Mar 1998,Mika Hakkinen,McLaren Mercedes,72,1:37:11.747
619,Argentina,12 Apr 1998,Michael Schumacher,Ferrari,72,1:48:36.175
620,San Marino,26 Apr 1998,David Coulthard,McLaren Mercedes,62,1:34:24.593
621,Spain,10 May 1998,Mika Hakkinen,McLaren Mercedes,65,1:33:37.621
622,Monaco,24 May 1998,Mika Hakkinen,McLaren Mercedes,78,1:51:23.595
623,Canada,07 Jun 1998,Michael Schumacher,Ferrari,69,1:40:57.355
624,France,28 Jun 1998,Michael Schumacher,Ferrari,71,1:34:45.026
625,Great Britain,12 Jul 1998,Michael Schumacher,Ferrari,60,1:47:02.450
626,Austria,26 Jul 1998,Mika Hakkinen,McLaren Mercedes,71,1:30:44.086
627,Germany,02 Aug 1998,Mika Hakkinen,McLaren Mercedes,45,1:20:47.984
628,Hungary,16 Aug 1998,Michael Schumacher,Ferrari,77,1:45:25.550
629,Belgium,30 Aug 1998,Damon Hill,Jordan Mugen Honda,44,1:43:47.407
630,Italy,13 Sep 1998,Michael Schumacher,Ferrari,53,1:17:09.672
631,Luxembourg,27 Sep 1998,Mika Hakkinen,McLaren Mercedes,67,1:32:14.789
632,Japan,01 Nov 1998,Mika Hakkinen,McLaren Mercedes,51,1:27:22.535
633,Australia,07 Mar 1999,Eddie Irvine,Ferrari,57,1:35:01.659
634,Brazil,11 Apr 1999,Mika Hakkinen,McLaren Mercedes,72,1:36:03.785
635,San Marino,02 May 1999,Michael Schumacher,Ferrari,62,1:33:44.792
636,Monaco,16 May 1999,Michael Schumacher,Ferrari,78,1:49:31.812
637,Spain,30 May 1999,Mika Hakkinen,McLaren Mercedes,65,1:34:13.665
638,Canada,13 Jun 1999,Mika Hakkinen,McLaren Mercedes,69,1:41:35.727
639,France,27 Jun 1999,Heinz-Harald Frentzen,Jordan Mugen Honda,72,1:58:24.343
640,Great Britain,11 Jul 1999,David Coulthard,McLaren Mercedes,60,1:32:30.144
641,Austria,25 Jul 1999,Eddie Irvine,Ferrari,71,1:28:12.438
642,Germany,01 Aug 1999,Eddie Irvine,Ferrari,45,1:21:58.594
643,Hungary,15 Aug 1999,Mika Hakkinen,McLaren Mercedes,77,1:46:23.536
644,Belgium,29 Aug 1999,David Coulthard,McLaren Mercedes,44,1:25:43.057
645,Italy,12 Sep 1999,Heinz-Harald Frentzen,Jordan Mugen Honda,53,1:17:02.923
646,Europe,26 Sep 1999,Johnny Herbert,Stewart Ford,66,1:41:54.314
647,Malaysia,17 Oct 1999,Eddie Irvine,Ferrari,56,1:36:38.494
648,Japan,31 Oct 1999,Mika Hakkinen,McLaren Mercedes,53,1:31:18.785
649,Australia,12 Mar 2000,Michael Schumacher,Ferrari,58,1:34:01.987
650,Brazil,26 Mar 2000,Michael Schumacher,Ferrari,71,1:31:35.271
651,San Marino,09 Apr 2000,Michael Schumacher,Ferrari,62,1:31:39.776
652,Great Britain,23 Apr 2000,David Coulthard,McLaren Mercedes,60,1:28:50.108
653,Spain,07 May 2000,Mika Hakkinen,McLaren Mercedes,65,1:33:55.390
654,Europe,21 May 2000,Michael Schumacher,Ferrari,67,1:42:00.307
655,Monaco,04 Jun 2000,David Coulthard,McLaren Mercedes,78,1:49:28.213
656,Canada,18 Jun 2000,Michael Schumacher,Ferrari,69,1:41:12.313
657,France,02 Jul 2000,David Coulthard,McLaren Mercedes,72,1:38:05.538
658,Austria,16 Jul 2000,Mika Hakkinen,McLaren Mercedes,71,1:28:15.818
659,Germany,30 Jul 2000,Rubens Barrichello,Ferrari,45,1:25:34.418
660,Hungary,13 Aug 2000,Mika Hakkinen,McLaren Mercedes,77,1:45:33.869
661,Belgium,27 Aug 2000,Mika Hakkinen,McLaren Mercedes,44,1:28:14.494
662,Italy,10 Sep 2000,Michael Schumacher,Ferrari,53,1:27:31.638
663,United States,24 Sep 2000,Michael Schumacher,Ferrari,73,1:36:30.883
664,Japan,08 Oct 2000,Michael Schumacher,Ferrari,53,1:29:53.435
665,Malaysia,22 Oct 2000,Michael Schumacher,Ferrari,56,1:35:54.235
666,Australia,04 Mar 2001,Michael Schumacher,Ferrari,58,1:38:26.533
667,Malaysia,18 Mar 2001,Michael Schumacher,Ferrari,55,1:47:34.801
668,Brazil,01 Apr 2001,David Coulthard,McLaren Mercedes,71,1:39:00.834
669,San Marino,15 Apr 2001,Ralf Schumacher,Williams BMW,62,1:30:44.817
670,Spain,29 Apr 2001,Michael Schumacher,Ferrari,65,1:31:03.305
671,Austria,13 May 2001,David Coulthard,McLaren Mercedes,71,1:27:45.927
672,Monaco,27 May 2001,Michael Schumacher,Ferrari,78,1:47:22.561
673,Canada,10 Jun 2001,Ralf Schumacher,Williams BMW,69,1:34:31.522
674,Europe,24 Jun 2001,Michael Schumacher,Ferrari,67,1:29:42.724
675,France,01 Jul 2001,Michael Schumacher,Ferrari,72,1:33:35.636
676,Great Britain,15 Jul 2001,Mika Hakkinen,McLaren Mercedes,60,1:25:33.770
677,Germany,29 Jul 2001,Ralf Schumacher,Williams BMW,45,1:18:17.873
678,Hungary,19 Aug 2001,Michael Schumacher,Ferrari,77,1:41:49.675
679,Belgium,02 Sep 2001,Michael Schumacher,Ferrari,36,1:08:05.002
680,Italy,16 Sep 2001,Juan Pablo Montoya,Williams BMW,53,1:16:58.493
681,United States,30 Sep 2001,Mika Hakkinen,McLaren Mercedes,73,1:32:42.840
682,Japan,14 Oct 2001,Michael Schumacher,Ferrari,53,1:27:33.298
683,Australia,03 Mar 2002,Michael Schumacher,Ferrari,58,1:35:36.792
684,Malaysia,17 Mar 2002,Ralf Schumacher,Williams BMW,56,1:34:12.912
685,Brazil,31 Mar 2002,Michael Schumacher,Ferrari,71,1:31:43.663
686,San Marino,14 Apr 2002,Michael Schumacher,Ferrari,62,1:29:10.789
687,Spain,28 Apr 2002,Michael Schumacher,Ferrari,65,1:30:29.981
688,Austria,12 May 2002,Michael Schumacher,Ferrari,71,1:33:51.562
689,Monaco,26 May 2002,David Coulthard,McLaren Mercedes,78,1:45:39.055
690,Canada,09 Jun 2002,Michael Schumacher,Ferrari,70,1:33:36.111
691,Europe,23 Jun 2002,Rubens Barrichello,Ferrari,60,1:35:07.426
692,Great Britain,07 Jul 2002,Michael Schumacher,Ferrari,60,1:31:45.015
693,France,21 Jul 2002,Michael Schumacher,Ferrari,72,1:32:09.837
694,Germany,28 Jul 2002,Michael Schumacher,Ferrari,67,1:27:52.078
695,Hungary,18 Aug 2002,Rubens Barrichello,Ferrari,77,1:41:49.001
696,Belgium,01 Sep 2002,Michael Schumacher,Ferrari,44,1:21:20.634
697,Italy,15 Sep 2002,Rubens Barrichello,Ferrari,53,1:16:19.982
698,United States,29 Sep 2002,Rubens Barrichello,Ferrari,73,1:31:07.934
699,Japan,13 Oct 2002,Michael Schumacher,Ferrari,53,1:26:59.698
700,Australia,09 Mar 2003,David Coulthard,McLaren Mercedes,58,1:34:42.124
701,Malaysia,23 Mar 2003,Kimi RÃ¤ikkÃ¶nen,McLaren Mercedes,56,1:32:22.195
702,Brazil,06 Apr 2003,Giancarlo Fisichella,Jordan Ford,54,1:31:17.748
703,San Marino,20 Apr 2003,Michael Schumacher,Ferrari,62,1:28:12.058
704,Spain,04 May 2003,Michael Schumacher,Ferrari,65,1:33:46.933
705,Austria,18 May 2003,Michael Schumacher,Ferrari,69,1:24:04.888
706,Monaco,01 Jun 2003,Juan Pablo Montoya,Williams BMW,78,1:42:19.010
707,Canada,15 Jun 2003,Michael Schumacher,Ferrari,70,1:31:13.591
708,Europe,29 Jun 2003,Ralf Schumacher,Williams BMW,60,1:34:43.622
709,France,06 Jul 2003,Ralf Schumacher,Williams BMW,70,1:30:49.213
710,Great Britain,20 Jul 2003,Rubens Barrichello,Ferrari,60,1:28:37.554
711,Germany,03 Aug 2003,Juan Pablo Montoya,Williams BMW,67,1:28:48.769
712,Hungary,24 Aug 2003,Fernando Alonso,Renault,70,1:39:01.460
713,Italy,14 Sep 2003,Michael Schumacher,Ferrari,53,1:14:19.838
714,United States,28 Sep 2003,Michael Schumacher,Ferrari,73,1:33:35.997
715,Japan,12 Oct 2003,Rubens Barrichello,Ferrari,53,1:25:11.743
716,Australia,07 Mar 2004,Michael Schumacher,Ferrari,58,1:24:15.757
717,Malaysia,21 Mar 2004,Michael Schumacher,Ferrari,56,1:31:07.490
718,Bahrain,04 Apr 2004,Michael Schumacher,Ferrari,57,1:28:34.875
719,San Marino,25 Apr 2004,Michael Schumacher,Ferrari,62,1:26:19.670
720,Spain,09 May 2004,Michael Schumacher,Ferrari,66,1:27:32.841
721,Monaco,23 May 2004,Jarno Trulli,Renault,77,1:45:46.601
722,Europe,30 May 2004,Michael Schumacher,Ferrari,60,1:32:35.101
723,Canada,13 Jun 2004,Michael Schumacher,Ferrari,70,1:28:24.803
724,United States,20 Jun 2004,Michael Schumacher,Ferrari,73,1:40:29.914
725,France,04 Jul 2004,Michael Schumacher,Ferrari,70,1:30:18.133
726,Great Britain,11 Jul 2004,Michael Schumacher,Ferrari,60,1:24:42.700
727,Germany,25 Jul 2004,Michael Schumacher,Ferrari,66,1:23:54.848
728,Hungary,15 Aug 2004,Michael Schumacher,Ferrari,70,1:35:26.131
729,Belgium,29 Aug 2004,Kimi RÃ¤ikkÃ¶nen,McLaren Mercedes,44,1:32:35.274
730,Italy,12 Sep 2004,Rubens Barrichello,Ferrari,53,1:15:18.448
731,China,26 Sep 2004,Rubens Barrichello,Ferrari,56,1:29:12.420
732,Japan,10 Oct 2004,Michael Schumacher,Ferrari,53,1:24:26.985
733,Brazil,24 Oct 2004,Juan Pablo Montoya,Williams BMW,71,1:28:01.451
734,Australia,06 Mar 2005,Giancarlo Fisichella,Renault,57,1:24:17.336
735,Malaysia,20 Mar 2005,Fernando Alonso,Renault,56,1:31:33.736
736,Bahrain,03 Apr 2005,Fernando Alonso,Renault,57,1:29:18.531
737,San Marino,24 Apr 2005,Fernando Alonso,Renault,62,1:27:41.921
738,Spain,08 May 2005,Kimi RÃ¤ikkÃ¶nen,McLaren Mercedes,66,1:27:16.830
739,Monaco,22 May 2005,Kimi RÃ¤ikkÃ¶nen,McLaren Mercedes,78,1:45:15.556
740,Europe,29 May 2005,Fernando Alonso,Renault,59,1:31:46.648
741,Canada,12 Jun 2005,Kimi RÃ¤ikkÃ¶nen,McLaren Mercedes,70,1:32:09.290
742,United States,19 Jun 2005,Michael Schumacher,Ferrari,73,1:29:43.181
743,France,03 Jul 2005,Fernando Alonso,Renault,70,1:31:22.233
744,Great Britain,10 Jul 2005,Juan Pablo Montoya,McLaren Mercedes,60,1:24:29.588
745,Germany,24 Jul 2005,Fernando Alonso,Renault,67,1:26:28.599
746,Hungary,31 Jul 2005,Kimi RÃ¤ikkÃ¶nen,McLaren Mercedes,70,1:37:25.552
747,Turkey,21 Aug 2005,Kimi RÃ¤ikkÃ¶nen,McLaren Mercedes,58,1:24:34.454
748,Italy,04 Sep 2005,Juan Pablo Montoya,McLaren Mercedes,53,1:14:28.659
749,Belgium,11 Sep 2005,Kimi RÃ¤ikkÃ¶nen,McLaren Mercedes,44,1:30:01.295
750,Brazil,25 Sep 2005,Juan Pablo Montoya,McLaren Mercedes,71,1:29:20.574
751,Japan,09 Oct 2005,Kimi RÃ¤ikkÃ¶nen,McLaren Mercedes,53,1:29:02.212
752,China,16 Oct 2005,Fernando Alonso,Renault,56,1:39:53.618
753,Bahrain,12 Mar 2006,Fernando Alonso,Renault,57,1:29:46.205
754,Malaysia,19 Mar 2006,Giancarlo Fisichella,Renault,56,1:30:40.529
755,Australia,02 Apr 2006,Fernando Alonso,Renault,57,1:34:27.870
756,San Marino,23 Apr 2006,Michael Schumacher,Ferrari,62,1:31:06.486
757,Europe,07 May 2006,Michael Schumacher,Ferrari,60,1:35:58.765
758,Spain,14 May 2006,Fernando Alonso,Renault,66,1:26:21.759
759,Monaco,28 May 2006,Fernando Alonso,Renault,78,1:43:43.116
760,Great Britain,11 Jun 2006,Fernando Alonso,Renault,60,1:25:51.927
761,Canada,25 Jun 2006,Fernando Alonso,Renault,70,1:34:37.308
762,United States,02 Jul 2006,Michael Schumacher,Ferrari,73,1:34:35.199
763,France,16 Jul 2006,Michael Schumacher,Ferrari,70,1:32:07.803
764,Germany,30 Jul 2006,Michael Schumacher,Ferrari,67,1:27:51.693
765,Hungary,06 Aug 2006,Jenson Button,Honda,70,1:52:20.941
766,Turkey,27 Aug 2006,Felipe Massa,Ferrari,58,1:28:51.082
767,Italy,10 Sep 2006,Michael Schumacher,Ferrari,53,1:14:51.975
768,China,01 Oct 2006,Michael Schumacher,Ferrari,56,1:37:32.747
769,Japan,08 Oct 2006,Fernando Alonso,Renault,53,1:23:53.413
770,Brazil,22 Oct 2006,Felipe Massa,Ferrari,71,1:31:53.751
771,Australia,18 Mar 2007,Kimi RÃ¤ikkÃ¶nen,Ferrari,58,1:25:28.770
772,Malaysia,08 Apr 2007,Fernando Alonso,McLaren Mercedes,56,1:32:14.930
773,Bahrain,15 Apr 2007,Felipe Massa,Ferrari,57,1:33:27.515
774,Spain,13 May 2007,Felipe Massa,Ferrari,65,1:31:36.230
775,Monaco,27 May 2007,Fernando Alonso,McLaren Mercedes,78,1:40:29.329
776,Canada,10 Jun 2007,Lewis Hamilton,McLaren Mercedes,70,1:44:11.292
777,United States,17 Jun 2007,Lewis Hamilton,McLaren Mercedes,73,1:31:09.965
778,France,01 Jul 2007,Kimi RÃ¤ikkÃ¶nen,Ferrari,70,1:30:54.200
779,Great Britain,08 Jul 2007,Kimi RÃ¤ikkÃ¶nen,Ferrari,59,1:21:43.074
780,Europe,22 Jul 2007,Fernando Alonso,McLaren Mercedes,60,2:06:26.358
781,Hungary,05 Aug 2007,Lewis Hamilton,McLaren Mercedes,70,1:35:52.991
782,Turkey,26 Aug 2007,Felipe Massa,Ferrari,58,1:26:42.161
783,Italy,09 Sep 2007,Fernando Alonso,McLaren Mercedes,53,1:18:37.806
784,Belgium,16 Sep 2007,Kimi RÃ¤ikkÃ¶nen,Ferrari,44,1:20:39.066
785,Japan,30 Sep 2007,Lewis Hamilton,McLaren Mercedes,67,2:00:34.579
786,China,07 Oct 2007,Kimi RÃ¤ikkÃ¶nen,Ferrari,56,1:37:58.395
787,Brazil,21 Oct 2007,Kimi RÃ¤ikkÃ¶nen,Ferrari,71,1:28:15.270
788,Australia,16 Mar 2008,Lewis Hamilton,McLaren Mercedes,58,1:34:50.616
789,Malaysia,23 Mar 2008,Kimi RÃ¤ikkÃ¶nen,Ferrari,56,1:31:18.555
790,Bahrain,06 Apr 2008,Felipe Massa,Ferrari,57,1:31:06.970
791,Spain,27 Apr 2008,Kimi RÃ¤ikkÃ¶nen,Ferrari,66,1:38:19.051
792,Turkey,11 May 2008,Felipe Massa,Ferrari,58,1:26:49.451
793,Monaco,25 May 2008,Lewis Hamilton,McLaren Mercedes,76,2:00:42.742
794,Canada,08 Jun 2008,Robert Kubica,Sauber BMW,70,1:36:24.447
795,France,22 Jun 2008,Felipe Massa,Ferrari,70,1:31:50.245
796,Great Britain,06 Jul 2008,Lewis Hamilton,McLaren Mercedes,60,1:39:09.440
797,Germany,20 Jul 2008,Lewis Hamilton,McLaren Mercedes,67,1:31:20.874
798,Hungary,03 Aug 2008,Heikki Kovalainen,McLaren Mercedes,70,1:37:27.067
799,Europe,24 Aug 2008,Felipe Massa,Ferrari,57,1:35:32.339
800,Belgium,07 Sep 2008,Felipe Massa,Ferrari,44,1:22:59.394
801,Italy,14 Sep 2008,Sebastian Vettel,STR Ferrari,53,1:26:47.494
802,Singapore,28 Sep 2008,Fernando Alonso,Renault,61,1:57:16.304
803,Japan,12 Oct 2008,Fernando Alonso,Renault,67,1:30:21.892
804,China,19 Oct 2008,Lewis Hamilton,McLaren Mercedes,56,1:31:57.403
805,Brazil,02 Nov 2008,Felipe Massa,Ferrari,71,1:34:11.435
806,Australia,29 Mar 2009,Jenson Button,Brawn Mercedes,58,1:34:15.784
807,Malaysia,05 Apr 2009,Jenson Button,Brawn Mercedes,31,55:30.622
808,China,19 Apr 2009,Sebastian Vettel,RBR Renault,56,1:57:43.485
809,Bahrain,26 Apr 2009,Jenson Button,Brawn Mercedes,57,1:31:48.182
810,Spain,10 May 2009,Jenson Button,Brawn Mercedes,66,1:37:19.202
811,Monaco,24 May 2009,Jenson Button,Brawn Mercedes,78,1:40:44.282
812,Turkey,07 Jun 2009,Jenson Button,Brawn Mercedes,58,1:26:24.848
813,Great Britain,21 Jun 2009,Sebastian Vettel,RBR Renault,60,1:22:49.328
814,Germany,12 Jul 2009,Mark Webber,RBR Renault,60,1:36:43.310
815,Hungary,26 Jul 2009,Lewis Hamilton,McLaren Mercedes,70,1:38:23.876
816,Europe,23 Aug 2009,Rubens Barrichello,Brawn Mercedes,57,1:35:51.289
817,Belgium,30 Aug 2009,Kimi RÃ¤ikkÃ¶nen,Ferrari,44,1:23:50.995
818,Italy,13 Sep 2009,Rubens Barrichello,Brawn Mercedes,53,1:16:21.706
819,Singapore,27 Sep 2009,Lewis Hamilton,McLaren Mercedes,61,1:56:06.337
820,Japan,04 Oct 2009,Sebastian Vettel,RBR Renault,53,1:28:20.443
821,Brazil,18 Oct 2009,Mark Webber,RBR Renault,71,1:32:23.081
822,Abu Dhabi,01 Nov 2009,Sebastian Vettel,RBR Renault,55,1:34:03.414
823,Bahrain,14 Mar 2010,Fernando Alonso,Ferrari,49,1:39:20.396
824,Australia,28 Mar 2010,Jenson Button,McLaren Mercedes,58,1:33:36.531
825,Malaysia,04 Apr 2010,Sebastian Vettel,RBR Renault,56,1:33:48.412
826,China,18 Apr 2010,Jenson Button,McLaren Mercedes,56,1:46:42.163
827,Spain,09 May 2010,Mark Webber,RBR Renault,66,1:35:44.101
828,Monaco,16 May 2010,Mark Webber,RBR Renault,78,1:50:13.355
829,Turkey,30 May 2010,Lewis Hamilton,McLaren Mercedes,58,1:28:47.620
830,Canada,13 Jun 2010,Lewis Hamilton,McLaren Mercedes,70,1:33:53.456
831,Europe,27 Jun 2010,Sebastian Vettel,RBR Renault,57,1:40:29.571
832,Great Britain,11 Jul 2010,Mark Webber,RBR Renault,52,1:24:38.200
833,Germany,25 Jul 2010,Fernando Alonso,Ferrari,67,1:27:38.864
834,Hungary,01 Aug 2010,Mark Webber,RBR Renault,70,1:41:05.571
835,Belgium,29 Aug 2010,Lewis Hamilton,McLaren Mercedes,44,1:29:04.268
836,Italy,12 Sep 2010,Fernando Alonso,Ferrari,53,1:16:24.572
837,Singapore,26 Sep 2010,Fernando Alonso,Ferrari,61,1:57:53.579
838,Japan,10 Oct 2010,Sebastian Vettel,RBR Renault,53,1:30:27.323
839,South Korea,24 Oct 2010,Fernando Alonso,Ferrari,55,2:48:20.810
840,Brazil,07 Nov 2010,Sebastian Vettel,RBR Renault,71,1:33:11.803
841,Abu Dhabi,14 Nov 2010,Sebastian Vettel,RBR Renault,55,1:39:36.837
842,Australia,27 Mar 2011,Sebastian Vettel,Red Bull Racing Renault,58,1:29:30.259
843,Malaysia,10 Apr 2011,Sebastian Vettel,Red Bull Racing Renault,56,1:37:39.832
844,China,17 Apr 2011,Lewis Hamilton,McLaren Mercedes,56,1:36:58.226
845,Turkey,08 May 2011,Sebastian Vettel,Red Bull Racing Renault,58,1:30:17.558
846,Spain,22 May 2011,Sebastian Vettel,Red Bull Racing Renault,66,1:39:03.301
847,Monaco,29 May 2011,Sebastian Vettel,Red Bull Racing Renault,78,2:09:38.373
848,Canada,12 Jun 2011,Jenson Button,McLaren Mercedes,70,4:04:39.537
849,Europe,26 Jun 2011,Sebastian Vettel,Red Bull Racing Renault,57,1:39:36.169
850,Great Britain,10 Jul 2011,Fernando Alonso,Ferrari,52,1:28:41.196
851,Germany,24 Jul 2011,Lewis Hamilton,McLaren Mercedes,60,1:37:30.334
852,Hungary,31 Jul 2011,Jenson Button,McLaren Mercedes,70,1:46:42.337
853,Belgium,28 Aug 2011,Sebastian Vettel,Red Bull Racing Renault,44,1:26:44.893
854,Italy,11 Sep 2011,Sebastian Vettel,Red Bull Racing Renault,53,1:20:46.172
855,Singapore,25 Sep 2011,Sebastian Vettel,Red Bull Racing Renault,61,1:59:06.757
856,Japan,09 Oct 2011,Jenson Button,McLaren Mercedes,53,1:30:53.427
857,South Korea,16 Oct 2011,Sebastian Vettel,Red Bull Racing Renault,55,1:38:01.994
858,India,30 Oct 2011,Sebastian Vettel,Red Bull Racing Renault,60,1:30:35.002
859,Abu Dhabi,13 Nov 2011,Lewis Hamilton,McLaren Mercedes,55,1:37:11.886
860,Brazil,27 Nov 2011,Mark Webber,Red Bull Racing Renault,71,1:32:17.464
861,Australia,18 Mar 2012,Jenson Button,McLaren Mercedes,58,1:34:09.565
862,Malaysia,25 Mar 2012,Fernando Alonso,Ferrari,56,2:44:51.812
863,China,15 Apr 2012,Nico Rosberg,Mercedes,56,1:36:26.929
864,Bahrain,22 Apr 2012,Sebastian Vettel,Red Bull Racing Renault,57,1:35:10.990
865,Spain,13 May 2012,Pastor Maldonado,Williams Renault,66,1:39:09.145
866,Monaco,27 May 2012,Mark Webber,Red Bull Racing Renault,78,1:46:06.557
867,Canada,10 Jun 2012,Lewis Hamilton,McLaren Mercedes,70,1:32:29.586
868,Europe,24 Jun 2012,Fernando Alonso,Ferrari,57,1:44:16.649
869,Great Britain,08 Jul 2012,Mark Webber,Red Bull Racing Renault,52,1:25:11.288
870,Germany,22 Jul 2012,Fernando Alonso,Ferrari,67,1:31:05.862
871,Hungary,29 Jul 2012,Lewis Hamilton,McLaren Mercedes,69,1:41:05.503
872,Belgium,02 Sep 2012,Jenson Button,McLaren Mercedes,44,1:29:08.530
873,Italy,09 Sep 2012,Lewis Hamilton,McLaren Mercedes,53,1:19:41.221
874,Singapore,23 Sep 2012,Sebastian Vettel,Red Bull Racing Renault,59,2:00:26.144
875,Japan,07 Oct 2012,Sebastian Vettel,Red Bull Racing Renault,53,1:28:56.242
876,South Korea,14 Oct 2012,Sebastian Vettel,Red Bull Racing Renault,55,1:36:28.651
877,India,28 Oct 2012,Sebastian Vettel,Red Bull Racing Renault,60,1:31:10.744
878,Abu Dhabi,04 Nov 2012,Kimi RÃ¤ikkÃ¶nen,Lotus Renault,55,1:45:58.667
879,United States,18 Nov 2012,Lewis Hamilton,McLaren Mercedes,56,1:35:55.269
880,Brazil,25 Nov 2012,Jenson Button,McLaren Mercedes,71,1:45:22.656
881,Australia,17 Mar 2013,Kimi RÃ¤ikkÃ¶nen,Lotus Renault,58,1:30:03.225
882,Malaysia,24 Mar 2013,Sebastian Vettel,Red Bull Racing Renault,56,1:38:56.681
883,China,14 Apr 2013,Fernando Alonso,Ferrari,56,1:36:26.945
884,Bahrain,21 Apr 2013,Sebastian Vettel,Red Bull Racing Renault,57,1:36:00.498
885,Spain,12 May 2013,Fernando Alonso,Ferrari,66,1:39:16.596
886,Monaco,26 May 2013,Nico Rosberg,Mercedes,78,2:17:52.056
887,Canada,09 Jun 2013,Sebastian Vettel,Red Bull Racing Renault,70,1:32:09.143
888,Great Britain,30 Jun 2013,Nico Rosberg,Mercedes,52,1:32:59.456
889,Germany,07 Jul 2013,Sebastian Vettel,Red Bull Racing Renault,60,1:41:14.711
890,Hungary,28 Jul 2013,Lewis Hamilton,Mercedes,70,1:42:29.445
891,Belgium,25 Aug 2013,Sebastian Vettel,Red Bull Racing Renault,44,1:23:42.196
892,Italy,08 Sep 2013,Sebastian Vettel,Red Bull Racing Renault,53,1:18:33.352
893,Singapore,22 Sep 2013,Sebastian Vettel,Red Bull Racing Renault,61,1:59:13.132
894,South Korea,06 Oct 2013,Sebastian Vettel,Red Bull Racing Renault,55,1:43:13.701
895,Japan,13 Oct 2013,Sebastian Vettel,Red Bull Racing Renault,53,1:26:49.301
896,India,27 Oct 2013,Sebastian Vettel,Red Bull Racing Renault,60,1:31:12.187
897,Abu Dhabi,03 Nov 2013,Sebastian Vettel,Red Bull Racing Renault,55,1:38:06.106
898,United States,17 Nov 2013,Sebastian Vettel,Red Bull Racing Renault,56,1:39:17.148
899,Brazil,24 Nov 2013,Sebastian Vettel,Red Bull Racing Renault,71,1:32:36.300
900,Australia,16 Mar 2014,Nico Rosberg,Mercedes,57,1:32:58.710
901,Malaysia,30 Mar 2014,Lewis Hamilton,Mercedes,56,1:40:25.974
902,Bahrain,04 Jun 2014,Lewis Hamilton,Mercedes,57,1:39:42.743
903,China,20 Apr 2014,Lewis Hamilton,Mercedes,54,1:33:28.338
904,Spain,11 May 2014,Lewis Hamilton,Mercedes,66,1:41:05.155
905,Monaco,25 May 2014,Nico Rosberg,Mercedes,78,1:49:27.661
906,Canada,08 Jun 2014,Daniel Ricciardo,Red Bull Racing Renault,70,1:39:12.830
907,Austria,22 Jun 2014,Nico Rosberg,Mercedes,71,1:27:54.976
908,Great Britain,06 Jul 2014,Lewis Hamilton,Mercedes,52,2:26:52.094
909,Germany,20 Jul 2014,Nico Rosberg,Mercedes,67,1:33:42.914
910,Hungary,27 Jul 2014,Daniel Ricciardo,Red Bull Racing Renault,70,1:53:05.058
911,Belgium,24 Aug 2014,Daniel Ricciardo,Red Bull Racing Renault,44,1:24:36.556
912,Italy,07 Sep 2014,Lewis Hamilton,Mercedes,53,1:19:10.236
913,Singapore,21 Sep 2014,Lewis Hamilton,Mercedes,60,2:00:04.795
914,Japan,05 Oct 2014,Lewis Hamilton,Mercedes,44,1:51:43.021
915,Russia,21 Oct 2014,Lewis Hamilton,Mercedes,53,1:31:50.744
916,United States,02 Nov 2014,Lewis Hamilton,Mercedes,56,1:40:04.785
917,Brazil,09 Nov 2014,Nico Rosberg,Mercedes,71,1:30:02.555
918,Abu Dhabi,23 Nov 2014,Lewis Hamilton,Mercedes,55,1:39:02.619
919,Australia,15 Mar 2015,Lewis Hamilton,Mercedes,58,1:31:54.067
920,Malaysia,29 Mar 2015,Sebastian Vettel,Ferrari,56,1:41:05.793
921,China,12 Apr 2015,Lewis Hamilton,Mercedes,56,1:39:42.008
922,Bahrain,19 Apr 2015,Lewis Hamilton,Mercedes,57,1:35:05.809
923,Spain,10 May 2015,Nico Rosberg,Mercedes,66,1:41:12.555
924,Monaco,24 May 2015,Nico Rosberg,Mercedes,78,1:49:18.420
925,Canada,07 Jun 2015,Lewis Hamilton,Mercedes,70,1:31:53.145
926,Austria,21 Jun 2015,Nico Rosberg,Mercedes,71,1:30:16.930
927,Great Britain,05 Jul 2015,Lewis Hamilton,Mercedes,52,1:31:27.729
928,Hungary,26 Jul 2015,Sebastian Vettel,Ferrari,69,1:46:09.985
929,Belgium,23 Aug 2015,Lewis Hamilton,Mercedes,43,1:23:40.387
930,Italy,06 Sep 2015,Lewis Hamilton,Mercedes,53,1:18:00.688
931,Singapore,20 Sep 2015,Sebastian Vettel,Ferrari,61,2:01:22.118
932,Japan,27 Sep 2015,Lewis Hamilton,Mercedes,53,1:28:06.508
933,Russia,11 Oct 2015,Lewis Hamilton,Mercedes,53,1:37:11.024
934,United States,25 Oct 2015,Lewis Hamilton,Mercedes,56,1:50:52.703
935,Mexico,01 Nov 2015,Nico Rosberg,Mercedes,71,1:42:35.038
936,Brazil,15 Nov 2015,Nico Rosberg,Mercedes,71,1:31:09.090
937,Abu Dhabi,29 Nov 2015,Nico Rosberg,Mercedes,55,1:38:30.175
938,Australia,20 Mar 2016,Nico Rosberg,Mercedes,57,1:48:15.565
939,Bahrain,03 Apr 2016,Nico Rosberg,Mercedes,57,1:33:34.696
940,China,17 Apr 2016,Nico Rosberg,Mercedes,56,1:38:53.891
941,Russia,01 May 2016,Nico Rosberg,Mercedes,53,1:32:41.997
942,Spain,15 May 2016,Max Verstappen,Red Bull Racing TAG Heuer,66,1:41:40.017
943,Monaco,29 May 2016,Lewis Hamilton,Mercedes,78,1:59:29.133
944,Canada,12 Jun 2016,Lewis Hamilton,Mercedes,70,1:31:05.296
945,Europe,19 Jun 2016,Nico Rosberg,Mercedes,51,1:32:52.366
946,Austria,03 Jul 2016,Lewis Hamilton,Mercedes,71,1:27:38.107
947,Great Britain,10 Jul 2016,Lewis Hamilton,Mercedes,52,1:34:55.831
948,Hungary,24 Jul 2016,Lewis Hamilton,Mercedes,70,1:40:30.115
949,Germany,31 Jul 2016,Lewis Hamilton,Mercedes,67,1:30:44.200
950,Belgium,28 Aug 2016,Nico Rosberg,Mercedes,44,1:44:51.058
951,Italy,04 Sep 2016,Nico Rosberg,Mercedes,53,1:17:28.089
952,Singapore,18 Sep 2016,Nico Rosberg,Mercedes,61,1:55:48.950
953,Malaysia,02 Oct 2016,Daniel Ricciardo,Red Bull Racing TAG Heuer,56,1:37:12.776
954,Japan,09 Oct 2016,Nico Rosberg,Mercedes,53,1:26:43.333
955,United States,23 Oct 2016,Lewis Hamilton,Mercedes,56,1:38:12.618
956,Mexico,30 Oct 2016,Lewis Hamilton,Mercedes,71,1:40:31.402
957,Brazil,13 Nov 2016,Lewis Hamilton,Mercedes,71,3:01:01.335
958,Abu Dhabi,27 Nov 2016,Lewis Hamilton,Mercedes,55,1:38:04.013
959,Australia,26 Mar 2017,Sebastian Vettel,Ferrari,57,1:24:11.672
960,China,09 Apr 2017,Lewis Hamilton,Mercedes,56,1:37:36.158
961,Bahrain,16 Apr 2017,Sebastian Vettel,Ferrari,57,1:33:53.374
962,Russia,30 Apr 2017,Valtteri  Bottas,Mercedes,52,1:28:08.743
963,Spain,14 May 2017,Lewis Hamilton,Mercedes,66,1:35:56.497
964,Monaco,28 May 2017,Sebastian Vettel,Ferrari,78,1:44:44.340
965,Canada,11 Jun 2017,Lewis Hamilton,Mercedes,70,1:33:05.154
966,Azerbaijan,25 Jun 2017,Daniel Ricciardo,Red Bull Racing TAG Heuer,51,2:03:55.573
967,Austria,09 Jul 2017,Valtteri  Bottas,Mercedes,71,1:21:48.523
968,Great Britain,16 Jul 2017,Lewis Hamilton,Mercedes,51,1:21:27.430
969,Hungary,30 Jul 2017,Sebastian Vettel,Ferrari,70,1:39:46.713
970,Belgium,27 Aug 2017,Lewis Hamilton,Mercedes,44,1:24:42.820
971,Italy,03 Sep 2017,Lewis Hamilton,Mercedes,53,1:15:32.312
972,Singapore,17 Sep 2017,Lewis Hamilton,Mercedes,58,2:03:23.544
973,Malaysia,01 Oct 2017,Max Verstappen,Red Bull Racing TAG Heuer,56,1:30:01.290
974,Japan,08 Oct 2017,Lewis Hamilton,Mercedes,53,1:27:31.194
975,United States,22 Oct 2017,Lewis Hamilton,Mercedes,56,1:33:50.991
976,Mexico,29 Oct 2017,Max Verstappen,Red Bull Racing TAG Heuer,71,1:36:26.552
977,Brazil,12 Nov 2017,Sebastian Vettel,Ferrari,71,1:31:26.262
978,Abu Dhabi,26 Nov 2017,Valtteri  Bottas,Mercedes,55,1:34:14.062
